dataset,task_type,model,metric,value,scenario,source
HousingData,regression,RF,MSE,10.368660875000005,real_HousingData,real
HousingData,regression,ET,MSE,11.823561480263137,real_HousingData,real
HousingData,regression,GBR,MSE,8.527886631127187,real_HousingData,real
HousingData,regression,Lasso,MSE,21.88744022869392,real_HousingData,real
HousingData,regression,ElasticNet,MSE,21.8972919248415,real_HousingData,real
HousingData,regression,RLT,MSE,77.33021375937041,real_HousingData,real
parkinsons,regression,RF,MSE,0.001469888947219611,real_parkinsons,real
parkinsons,regression,ET,MSE,0.001471016027999746,real_parkinsons,real
parkinsons,regression,GBR,MSE,0.0003557382259730738,real_parkinsons,real
parkinsons,regression,Lasso,MSE,0.0007667213767391489,real_parkinsons,real
parkinsons,regression,ElasticNet,MSE,0.000725893491138544,real_parkinsons,real
parkinsons,regression,RLT,MSE,0.006255020917843928,real_parkinsons,real
concrete_data,regression,RF,MSE,32.000613315740424,real_concrete_data,real
concrete_data,regression,ET,MSE,38.051430383736076,real_concrete_data,real
concrete_data,regression,GBR,MSE,29.46533029461348,real_concrete_data,real
concrete_data,regression,Lasso,MSE,109.56078665819044,real_concrete_data,real
concrete_data,regression,ElasticNet,MSE,109.2105740872856,real_concrete_data,real
concrete_data,regression,RLT,MSE,271.99124522665437,real_concrete_data,real
auto-mpg,regression,RF,MSE,7.1877753833333315,real_auto-mpg,real
auto-mpg,regression,ET,MSE,8.350753168055554,real_auto-mpg,real
auto-mpg,regression,GBR,MSE,6.27097528843801,real_auto-mpg,real
auto-mpg,regression,Lasso,MSE,9.278566697825609,real_auto-mpg,real
auto-mpg,regression,ElasticNet,MSE,8.93673861209851,real_auto-mpg,real
auto-mpg,regression,RLT,MSE,57.448677339685446,real_auto-mpg,real
scenario2_p200,regression,RF,MSE,6.643230140146679,scenario2,simulated
scenario2_p200,regression,ET,MSE,7.592181898009653,scenario2,simulated
scenario2_p200,regression,GBR,MSE,3.1846176448335513,scenario2,simulated
scenario2_p200,regression,Lasso,MSE,18.209731902813793,scenario2,simulated
scenario2_p200,regression,ElasticNet,MSE,12.390646262073888,scenario2,simulated
scenario2_p200,regression,RLT,MSE,7.39779325222717,scenario2,simulated
scenario2_p500,regression,RF,MSE,12.517555418792632,scenario2,simulated
scenario2_p500,regression,ET,MSE,12.589151771298821,scenario2,simulated
scenario2_p500,regression,GBR,MSE,9.756505767748218,scenario2,simulated
scenario2_p500,regression,Lasso,MSE,21.96725694789354,scenario2,simulated
scenario2_p500,regression,ElasticNet,MSE,17.491745724305044,scenario2,simulated
scenario2_p500,regression,RLT,MSE,11.757949815352264,scenario2,simulated
scenario2_p1000,regression,RF,MSE,14.119409483098735,scenario2,simulated
scenario2_p1000,regression,ET,MSE,15.363236658927377,scenario2,simulated
scenario2_p1000,regression,GBR,MSE,7.363124160192786,scenario2,simulated
scenario2_p1000,regression,Lasso,MSE,13.63874149183933,scenario2,simulated
scenario2_p1000,regression,ElasticNet,MSE,12.648004324361104,scenario2,simulated
scenario2_p1000,regression,RLT,MSE,14.419260522626058,scenario2,simulated
scenario3_p200,regression,RF,MSE,7.667506183854749,scenario3,simulated
scenario3_p200,regression,ET,MSE,7.247231000776973,scenario3,simulated
scenario3_p200,regression,GBR,MSE,10.18913151958573,scenario3,simulated
scenario3_p200,regression,Lasso,MSE,25.075376921027544,scenario3,simulated
scenario3_p200,regression,ElasticNet,MSE,24.92923690696606,scenario3,simulated
scenario3_p200,regression,RLT,MSE,6.905457321665235,scenario3,simulated
scenario3_p500,regression,RF,MSE,9.28432028996431,scenario3,simulated
scenario3_p500,regression,ET,MSE,9.340698090801958,scenario3,simulated
scenario3_p500,regression,GBR,MSE,9.275195364326834,scenario3,simulated
scenario3_p500,regression,Lasso,MSE,19.881950716774025,scenario3,simulated
scenario3_p500,regression,ElasticNet,MSE,19.683624795005073,scenario3,simulated
scenario3_p500,regression,RLT,MSE,9.83553886890923,scenario3,simulated
scenario3_p1000,regression,RF,MSE,8.873697974904125,scenario3,simulated
scenario3_p1000,regression,ET,MSE,8.980601262332458,scenario3,simulated
scenario3_p1000,regression,GBR,MSE,9.561626940273515,scenario3,simulated
scenario3_p1000,regression,Lasso,MSE,34.28557115041469,scenario3,simulated
scenario3_p1000,regression,ElasticNet,MSE,30.209867049545068,scenario3,simulated
scenario3_p1000,regression,RLT,MSE,9.290285117353948,scenario3,simulated
scenario4_p200,regression,RF,MSE,13.821184395610297,scenario4,simulated
scenario4_p200,regression,ET,MSE,15.299393594173795,scenario4,simulated
scenario4_p200,regression,GBR,MSE,5.311314836194826,scenario4,simulated
scenario4_p200,regression,Lasso,MSE,2.108943746722322,scenario4,simulated
scenario4_p200,regression,ElasticNet,MSE,2.5910390354669324,scenario4,simulated
scenario4_p200,regression,RLT,MSE,26.091119818826204,scenario4,simulated
scenario4_p500,regression,RF,MSE,15.740938696294341,scenario4,simulated
scenario4_p500,regression,ET,MSE,16.092533439970133,scenario4,simulated
scenario4_p500,regression,GBR,MSE,4.817540778863504,scenario4,simulated
scenario4_p500,regression,Lasso,MSE,2.082491754482789,scenario4,simulated
scenario4_p500,regression,ElasticNet,MSE,3.3882958688336697,scenario4,simulated
scenario4_p500,regression,RLT,MSE,29.161743016706442,scenario4,simulated
scenario4_p1000,regression,RF,MSE,13.80896382879327,scenario4,simulated
scenario4_p1000,regression,ET,MSE,14.773788961388645,scenario4,simulated
scenario4_p1000,regression,GBR,MSE,3.141573287404967,scenario4,simulated
scenario4_p1000,regression,Lasso,MSE,1.7225745347788812,scenario4,simulated
scenario4_p1000,regression,ElasticNet,MSE,2.156524003562529,scenario4,simulated
scenario4_p1000,regression,RLT,MSE,21.83953557717302,scenario4,simulated
HousingData,regression,RF,MSE,10.368660875000003,real_HousingData,real
HousingData,regression,ET,MSE,11.823561480263137,real_HousingData,real
HousingData,regression,GBR,MSE,8.527886631127187,real_HousingData,real
HousingData,regression,Lasso,MSE,21.88744022869392,real_HousingData,real
HousingData,regression,ElasticNet,MSE,21.8972919248415,real_HousingData,real
HousingData,regression,RLT,MSE,12.919844222559341,real_HousingData,real
parkinsons,regression,RF,MSE,0.0014698889472196115,real_parkinsons,real
parkinsons,regression,ET,MSE,0.0014710160279997465,real_parkinsons,real
parkinsons,regression,GBR,MSE,0.0003557382259730738,real_parkinsons,real
parkinsons,regression,Lasso,MSE,0.0007667213767391489,real_parkinsons,real
parkinsons,regression,ElasticNet,MSE,0.000725893491138544,real_parkinsons,real
parkinsons,regression,RLT,MSE,0.0006281667321313794,real_parkinsons,real
concrete_data,regression,RF,MSE,32.000613315740424,real_concrete_data,real
concrete_data,regression,ET,MSE,38.05143038373608,real_concrete_data,real
concrete_data,regression,GBR,MSE,29.46533029461348,real_concrete_data,real
concrete_data,regression,Lasso,MSE,109.56078665819044,real_concrete_data,real
concrete_data,regression,ElasticNet,MSE,109.2105740872856,real_concrete_data,real
concrete_data,regression,RLT,MSE,36.34258316783113,real_concrete_data,real
auto-mpg,regression,RF,MSE,7.18777538333333,real_auto-mpg,real
auto-mpg,regression,ET,MSE,8.350753168055556,real_auto-mpg,real
auto-mpg,regression,GBR,MSE,6.27097528843801,real_auto-mpg,real
auto-mpg,regression,Lasso,MSE,9.278566697825609,real_auto-mpg,real
auto-mpg,regression,ElasticNet,MSE,8.93673861209851,real_auto-mpg,real
auto-mpg,regression,RLT,MSE,7.058755184081262,real_auto-mpg,real
scenario2_p200,regression,RF,MSE,6.643230140146679,scenario2,simulated
scenario2_p200,regression,ET,MSE,7.592181898009655,scenario2,simulated
scenario2_p200,regression,GBR,MSE,3.1846176448335513,scenario2,simulated
scenario2_p200,regression,Lasso,MSE,18.209731902813793,scenario2,simulated
scenario2_p200,regression,ElasticNet,MSE,12.390646262073888,scenario2,simulated
scenario2_p200,regression,RLT,MSE,5.990890379852212,scenario2,simulated
scenario2_p500,regression,RF,MSE,12.517555418792634,scenario2,simulated
scenario2_p500,regression,ET,MSE,12.589151771298818,scenario2,simulated
scenario2_p500,regression,GBR,MSE,9.756505767748218,scenario2,simulated
scenario2_p500,regression,Lasso,MSE,21.96725694789354,scenario2,simulated
scenario2_p500,regression,ElasticNet,MSE,17.491745724305044,scenario2,simulated
scenario2_p500,regression,RLT,MSE,11.226084579190756,scenario2,simulated
scenario2_p1000,regression,RF,MSE,14.119409483098734,scenario2,simulated
scenario2_p1000,regression,ET,MSE,15.363236658927375,scenario2,simulated
scenario2_p1000,regression,GBR,MSE,7.363124160192786,scenario2,simulated
scenario2_p1000,regression,Lasso,MSE,13.63874149183933,scenario2,simulated
scenario2_p1000,regression,ElasticNet,MSE,12.648004324361104,scenario2,simulated
scenario2_p1000,regression,RLT,MSE,13.11434720035353,scenario2,simulated
scenario3_p200,regression,RF,MSE,7.667506183854749,scenario3,simulated
scenario3_p200,regression,ET,MSE,7.247231000776973,scenario3,simulated
scenario3_p200,regression,GBR,MSE,10.18913151958573,scenario3,simulated
scenario3_p200,regression,Lasso,MSE,25.075376921027544,scenario3,simulated
scenario3_p200,regression,ElasticNet,MSE,24.92923690696606,scenario3,simulated
scenario3_p200,regression,RLT,MSE,5.8064031936091824,scenario3,simulated
scenario3_p500,regression,RF,MSE,9.28432028996431,scenario3,simulated
scenario3_p500,regression,ET,MSE,9.340698090801958,scenario3,simulated
scenario3_p500,regression,GBR,MSE,9.275195364326834,scenario3,simulated
scenario3_p500,regression,Lasso,MSE,19.881950716774025,scenario3,simulated
scenario3_p500,regression,ElasticNet,MSE,19.683624795005073,scenario3,simulated
scenario3_p500,regression,RLT,MSE,8.846374802026128,scenario3,simulated
scenario3_p1000,regression,RF,MSE,8.873697974904125,scenario3,simulated
scenario3_p1000,regression,ET,MSE,8.980601262332458,scenario3,simulated
scenario3_p1000,regression,GBR,MSE,9.561626940273515,scenario3,simulated
scenario3_p1000,regression,Lasso,MSE,34.28557115041469,scenario3,simulated
scenario3_p1000,regression,ElasticNet,MSE,30.209867049545068,scenario3,simulated
scenario3_p1000,regression,RLT,MSE,8.485917136851114,scenario3,simulated
scenario4_p200,regression,RF,MSE,13.821184395610297,scenario4,simulated
scenario4_p200,regression,ET,MSE,15.299393594173795,scenario4,simulated
scenario4_p200,regression,GBR,MSE,5.311314836194826,scenario4,simulated
scenario4_p200,regression,Lasso,MSE,2.108943746722322,scenario4,simulated
scenario4_p200,regression,ElasticNet,MSE,2.5910390354669324,scenario4,simulated
scenario4_p200,regression,RLT,MSE,7.254141731170138,scenario4,simulated
scenario4_p500,regression,RF,MSE,15.740938696294341,scenario4,simulated
scenario4_p500,regression,ET,MSE,16.092533439970133,scenario4,simulated
scenario4_p500,regression,GBR,MSE,4.817540778863504,scenario4,simulated
scenario4_p500,regression,Lasso,MSE,2.082491754482789,scenario4,simulated
scenario4_p500,regression,ElasticNet,MSE,3.3882958688336697,scenario4,simulated
scenario4_p500,regression,RLT,MSE,9.165152176488418,scenario4,simulated
scenario4_p1000,regression,RF,MSE,13.80896382879327,scenario4,simulated
scenario4_p1000,regression,ET,MSE,14.773788961388647,scenario4,simulated
scenario4_p1000,regression,GBR,MSE,3.141573287404967,scenario4,simulated
scenario4_p1000,regression,Lasso,MSE,1.7225745347788812,scenario4,simulated
scenario4_p1000,regression,ElasticNet,MSE,2.156524003562529,scenario4,simulated
scenario4_p1000,regression,RLT,MSE,7.067291953962479,scenario4,simulated
HousingData,regression,RF,MSE,10.563857978421114,real_HousingData,real
HousingData,regression,ET,MSE,11.751797172375777,real_HousingData,real
HousingData,regression,GBR,MSE,8.527886631127187,real_HousingData,real
HousingData,regression,Lasso,MSE,21.88744022869392,real_HousingData,real
HousingData,regression,ElasticNet,MSE,21.8972919248415,real_HousingData,real
HousingData,regression,RLT_none_k1,MSE,13.720686407889065,real_HousingData,real
HousingData,regression,RF,MSE,10.563857978421114,real_HousingData,real
HousingData,regression,ET,MSE,11.751797172375776,real_HousingData,real
HousingData,regression,GBR,MSE,8.527886631127187,real_HousingData,real
HousingData,regression,Lasso,MSE,21.88744022869392,real_HousingData,real
HousingData,regression,ElasticNet,MSE,21.8972919248415,real_HousingData,real
HousingData,regression,RLT_none_k2,MSE,13.670592107535933,real_HousingData,real
HousingData,regression,RLT_none_k1,MSE,13.720686407889065,real_HousingData,real
HousingData,regression,RLT_none_k5,MSE,15.605649447475209,real_HousingData,real
HousingData,regression,RLT_none_k2,MSE,13.670592107535933,real_HousingData,real
HousingData,regression,RLT_moderate_k1,MSE,41.62064214476968,real_HousingData,real
HousingData,regression,RLT_none_k5,MSE,15.605649447475209,real_HousingData,real
HousingData,regression,RLT_moderate_k2,MSE,43.94844918446242,real_HousingData,real
HousingData,regression,RLT_moderate_k1,MSE,41.62064214476968,real_HousingData,real
HousingData,regression,RLT_moderate_k5,MSE,52.05571475997602,real_HousingData,real
HousingData,regression,RLT_moderate_k2,MSE,43.94844918446242,real_HousingData,real
HousingData,regression,RLT_aggressive_k1,MSE,41.62064214476968,real_HousingData,real
HousingData,regression,RLT_moderate_k5,MSE,52.05571475997602,real_HousingData,real
HousingData,regression,RLT_aggressive_k2,MSE,43.94844918446242,real_HousingData,real
HousingData,regression,RLT_aggressive_k1,MSE,41.62064214476968,real_HousingData,real
HousingData,regression,RLT_aggressive_k5,MSE,52.05571475997602,real_HousingData,real
parkinsons,regression,RF,MSE,0.001502179193693437,real_parkinsons,real
parkinsons,regression,ET,MSE,0.0014514607186257742,real_parkinsons,real
parkinsons,regression,GBR,MSE,0.0003557382259730738,real_parkinsons,real
parkinsons,regression,Lasso,MSE,0.0007667213767391489,real_parkinsons,real
parkinsons,regression,ElasticNet,MSE,0.000725893491138544,real_parkinsons,real
parkinsons,regression,RLT_none_k1,MSE,0.0007120824304622993,real_parkinsons,real
parkinsons,regression,RLT_none_k2,MSE,0.0006347005102525118,real_parkinsons,real
HousingData,regression,RLT_aggressive_k2,MSE,43.94844918446242,real_HousingData,real
parkinsons,regression,RLT_none_k5,MSE,0.000988719473145157,real_parkinsons,real
parkinsons,regression,RLT_moderate_k1,MSE,0.0006747096066481751,real_parkinsons,real
parkinsons,regression,RLT_moderate_k2,MSE,0.0006238581882253774,real_parkinsons,real
HousingData,regression,RLT_aggressive_k5,MSE,52.05571475997602,real_HousingData,real
parkinsons,regression,RF,MSE,0.0015021791936934371,real_parkinsons,real
parkinsons,regression,ET,MSE,0.0014514607186257745,real_parkinsons,real
parkinsons,regression,GBR,MSE,0.0003557382259730738,real_parkinsons,real
parkinsons,regression,Lasso,MSE,0.0007667213767391489,real_parkinsons,real
parkinsons,regression,ElasticNet,MSE,0.000725893491138544,real_parkinsons,real
HousingData,regression,RF,MSE,10.563857978421112,real_HousingData,real
HousingData,regression,ET,MSE,11.751797172375777,real_HousingData,real
HousingData,regression,GBR,MSE,8.527886631127187,real_HousingData,real
HousingData,regression,Lasso,MSE,21.88744022869392,real_HousingData,real
HousingData,regression,ElasticNet,MSE,21.8972919248415,real_HousingData,real
HousingData,regression,RLT_none_k1,MSE,13.720686407889065,real_HousingData,real
HousingData,regression,RLT_none_k2,MSE,13.670592107535933,real_HousingData,real
HousingData,regression,RLT_none_k5,MSE,15.605649447475209,real_HousingData,real
HousingData,regression,RLT_moderate_k1,MSE,41.62064214476968,real_HousingData,real
HousingData,regression,RF,MSE,10.563857978421114,real_HousingData,real
HousingData,regression,ET,MSE,11.75179717237578,real_HousingData,real
HousingData,regression,GBR,MSE,8.527886631127187,real_HousingData,real
HousingData,regression,Lasso,MSE,21.88744022869392,real_HousingData,real
HousingData,regression,ElasticNet,MSE,21.8972919248415,real_HousingData,real
HousingData,regression,RF,MSE,10.563857978421117,real_HousingData,real
HousingData,regression,ET,MSE,11.751797172375776,real_HousingData,real
HousingData,regression,GBR,MSE,8.527886631127187,real_HousingData,real
HousingData,regression,Lasso,MSE,21.88744022869392,real_HousingData,real
HousingData,regression,ElasticNet,MSE,21.8972919248415,real_HousingData,real
HousingData,regression,RLT_none_k1,MSE,14.513488963181356,real_HousingData,real
HousingData,regression,RLT_none_k2,MSE,13.2508249921058,real_HousingData,real
HousingData,regression,RLT_none_k5,MSE,16.01749003628916,real_HousingData,real
HousingData,regression,RLT_moderate_k1,MSE,42.67549867705265,real_HousingData,real
HousingData,regression,RLT_moderate_k2,MSE,49.07807610991993,real_HousingData,real
HousingData,regression,RLT_moderate_k5,MSE,65.53515842672917,real_HousingData,real
HousingData,regression,RLT_aggressive_k1,MSE,42.67549867705265,real_HousingData,real
HousingData,regression,RLT_aggressive_k2,MSE,49.07807610991993,real_HousingData,real
HousingData,regression,RLT_aggressive_k5,MSE,65.53515842672917,real_HousingData,real
parkinsons,regression,RF,MSE,0.0015021791936934371,real_parkinsons,real
parkinsons,regression,ET,MSE,0.0014514607186257747,real_parkinsons,real
parkinsons,regression,GBR,MSE,0.0003557382259730738,real_parkinsons,real
parkinsons,regression,Lasso,MSE,0.0007667213767391489,real_parkinsons,real
parkinsons,regression,ElasticNet,MSE,0.000725893491138544,real_parkinsons,real
parkinsons,regression,RLT_none_k1,MSE,0.0006985128356612165,real_parkinsons,real
parkinsons,regression,RLT_none_k2,MSE,0.000638030462605848,real_parkinsons,real
parkinsons,regression,RLT_none_k5,MSE,0.000925961060939207,real_parkinsons,real
parkinsons,regression,RLT_moderate_k1,MSE,0.0006760378585399266,real_parkinsons,real
parkinsons,regression,RLT_moderate_k2,MSE,0.000586034780639112,real_parkinsons,real
parkinsons,regression,RLT_moderate_k5,MSE,0.001075131393928019,real_parkinsons,real
parkinsons,regression,RLT_aggressive_k1,MSE,0.0009433093847449434,real_parkinsons,real
parkinsons,regression,RLT_aggressive_k2,MSE,0.0010351891025242605,real_parkinsons,real
parkinsons,regression,RLT_aggressive_k5,MSE,0.0016232560953290888,real_parkinsons,real
HousingData,regression,RF,MSE,10.563857978421112,real_HousingData,real
HousingData,regression,ET,MSE,11.751797172375776,real_HousingData,real
HousingData,regression,GBR,MSE,8.527886631127187,real_HousingData,real
HousingData,regression,Lasso,MSE,21.88744022869392,real_HousingData,real
HousingData,regression,ElasticNet,MSE,21.8972919248415,real_HousingData,real
HousingData,regression,RLT_none_k1,MSE,19.410650942155257,real_HousingData,real
HousingData,regression,RLT_none_k2,MSE,24.844514574597717,real_HousingData,real
HousingData,regression,RLT_none_k5,MSE,41.38235277507906,real_HousingData,real
HousingData,regression,RLT_moderate_k1,MSE,56.68893675375608,real_HousingData,real
HousingData,regression,RLT_moderate_k2,MSE,91.73633889238018,real_HousingData,real
HousingData,regression,RLT_moderate_k5,MSE,98.039867370953,real_HousingData,real
HousingData,regression,RLT_aggressive_k1,MSE,56.68893675375608,real_HousingData,real
HousingData,regression,RLT_aggressive_k2,MSE,91.73633889238018,real_HousingData,real
HousingData,regression,RLT_aggressive_k5,MSE,98.039867370953,real_HousingData,real
parkinsons,regression,RF,MSE,0.0015021791936934371,real_parkinsons,real
parkinsons,regression,ET,MSE,0.0014514607186257742,real_parkinsons,real
parkinsons,regression,GBR,MSE,0.0003557382259730738,real_parkinsons,real
parkinsons,regression,Lasso,MSE,0.0007667213767391489,real_parkinsons,real
parkinsons,regression,ElasticNet,MSE,0.000725893491138544,real_parkinsons,real
parkinsons,regression,RLT_none_k1,MSE,0.0016482164067389625,real_parkinsons,real
parkinsons,regression,RLT_none_k2,MSE,0.004408186660422366,real_parkinsons,real
parkinsons,regression,RLT_none_k5,MSE,0.0035652130961306245,real_parkinsons,real
parkinsons,regression,RLT_moderate_k1,MSE,0.0016574630346334553,real_parkinsons,real
parkinsons,regression,RLT_moderate_k2,MSE,0.002306176927263298,real_parkinsons,real
parkinsons,regression,RLT_moderate_k5,MSE,0.00497080278818055,real_parkinsons,real
parkinsons,regression,RLT_aggressive_k1,MSE,0.001514018843813084,real_parkinsons,real
parkinsons,regression,RLT_aggressive_k2,MSE,0.006348712488713219,real_parkinsons,real
parkinsons,regression,RLT_aggressive_k5,MSE,0.0052370891741259215,real_parkinsons,real
HousingData,regression,RF,MSE,10.563857978421117,real_HousingData,real
HousingData,regression,ET,MSE,11.751797172375777,real_HousingData,real
HousingData,regression,GBR,MSE,8.527886631127187,real_HousingData,real
HousingData,regression,Lasso,MSE,21.88744022869392,real_HousingData,real
HousingData,regression,ElasticNet,MSE,21.8972919248415,real_HousingData,real
HousingData,regression,RLT_none_k1,MSE,19.410650942155257,real_HousingData,real
HousingData,regression,RLT_none_k2,MSE,24.844514574597717,real_HousingData,real
HousingData,regression,RLT_none_k5,MSE,41.38235277507906,real_HousingData,real
HousingData,regression,RLT_moderate_k1,MSE,56.68893675375608,real_HousingData,real
HousingData,regression,RLT_moderate_k2,MSE,91.73633889238018,real_HousingData,real
HousingData,regression,RLT_moderate_k5,MSE,98.039867370953,real_HousingData,real
HousingData,regression,RLT_aggressive_k1,MSE,56.68893675375608,real_HousingData,real
HousingData,regression,RLT_aggressive_k2,MSE,91.73633889238018,real_HousingData,real
HousingData,regression,RLT_aggressive_k5,MSE,98.039867370953,real_HousingData,real
parkinsons,regression,RF,MSE,0.001502179193693437,real_parkinsons,real
parkinsons,regression,ET,MSE,0.0014514607186257745,real_parkinsons,real
parkinsons,regression,GBR,MSE,0.0003557382259730738,real_parkinsons,real
parkinsons,regression,Lasso,MSE,0.0007667213767391489,real_parkinsons,real
parkinsons,regression,ElasticNet,MSE,0.000725893491138544,real_parkinsons,real
parkinsons,regression,RLT_none_k1,MSE,0.0016482164067389625,real_parkinsons,real
parkinsons,regression,RLT_none_k2,MSE,0.004408186660422366,real_parkinsons,real
parkinsons,regression,RLT_none_k5,MSE,0.0035652130961306245,real_parkinsons,real
parkinsons,regression,RLT_moderate_k1,MSE,0.0016574630346334553,real_parkinsons,real
parkinsons,regression,RLT_moderate_k2,MSE,0.002306176927263298,real_parkinsons,real
parkinsons,regression,RLT_moderate_k5,MSE,0.00497080278818055,real_parkinsons,real
parkinsons,regression,RLT_aggressive_k1,MSE,0.001514018843813084,real_parkinsons,real
parkinsons,regression,RLT_aggressive_k2,MSE,0.006348712488713219,real_parkinsons,real
parkinsons,regression,RLT_aggressive_k5,MSE,0.0052370891741259215,real_parkinsons,real
HousingData,regression,RF,MSE,10.56385797842111,real_HousingData,real
HousingData,regression,ET,MSE,11.751797172375777,real_HousingData,real
HousingData,regression,GBR,MSE,8.527886631127187,real_HousingData,real
HousingData,regression,Lasso,MSE,21.88744022869392,real_HousingData,real
HousingData,regression,ElasticNet,MSE,21.8972919248415,real_HousingData,real
HousingData,regression,RLT_none_k1,MSE,14.73310317731822,real_HousingData,real
HousingData,regression,RLT_none_k2,MSE,15.179286827630317,real_HousingData,real
HousingData,regression,RLT_none_k5,MSE,18.89934797625137,real_HousingData,real
HousingData,regression,RLT_moderate_k1,MSE,47.79449883157214,real_HousingData,real
HousingData,regression,RLT_moderate_k2,MSE,63.38767051887409,real_HousingData,real
HousingData,regression,RLT_moderate_k5,MSE,66.8582773497249,real_HousingData,real
HousingData,regression,RLT_aggressive_k1,MSE,47.79449883157214,real_HousingData,real
HousingData,regression,RLT_aggressive_k2,MSE,63.38767051887409,real_HousingData,real
HousingData,regression,RLT_aggressive_k5,MSE,66.8582773497249,real_HousingData,real
parkinsons,regression,RF,MSE,0.001502179193693437,real_parkinsons,real
parkinsons,regression,ET,MSE,0.0014514607186257745,real_parkinsons,real
parkinsons,regression,GBR,MSE,0.0003557382259730738,real_parkinsons,real
parkinsons,regression,Lasso,MSE,0.0007667213767391489,real_parkinsons,real
parkinsons,regression,ElasticNet,MSE,0.000725893491138544,real_parkinsons,real
parkinsons,regression,RLT_none_k1,MSE,0.0008373055774067452,real_parkinsons,real
parkinsons,regression,RLT_none_k2,MSE,0.0008220232522306622,real_parkinsons,real
parkinsons,regression,RLT_none_k5,MSE,0.0011521439145808598,real_parkinsons,real
parkinsons,regression,RLT_moderate_k1,MSE,0.0006897919452162492,real_parkinsons,real
parkinsons,regression,RLT_moderate_k2,MSE,0.00063388162165654,real_parkinsons,real
parkinsons,regression,RLT_moderate_k5,MSE,0.001500998047167956,real_parkinsons,real
parkinsons,regression,RLT_aggressive_k1,MSE,0.000967033502613797,real_parkinsons,real
parkinsons,regression,RLT_aggressive_k2,MSE,0.0019390531581364417,real_parkinsons,real
parkinsons,regression,RLT_aggressive_k5,MSE,0.0020431049737984087,real_parkinsons,real
HousingData,regression,RF,MSE,10.563857978421115,real_HousingData,real
HousingData,regression,ET,MSE,11.75179717237578,real_HousingData,real
HousingData,regression,GBR,MSE,8.527886631127187,real_HousingData,real
HousingData,regression,Lasso,MSE,21.88744022869392,real_HousingData,real
HousingData,regression,ElasticNet,MSE,21.8972919248415,real_HousingData,real
HousingData,regression,RLT_none_k1,MSE,14.73310317731822,real_HousingData,real
HousingData,regression,RLT_none_k2,MSE,15.179286827630317,real_HousingData,real
HousingData,regression,RLT_none_k5,MSE,18.89934797625137,real_HousingData,real
HousingData,regression,RLT_moderate_k1,MSE,47.79449883157214,real_HousingData,real
HousingData,regression,RLT_moderate_k2,MSE,63.38767051887409,real_HousingData,real
HousingData,regression,RLT_moderate_k5,MSE,66.8582773497249,real_HousingData,real
HousingData,regression,RLT_aggressive_k1,MSE,47.79449883157214,real_HousingData,real
HousingData,regression,RLT_aggressive_k2,MSE,63.38767051887409,real_HousingData,real
HousingData,regression,RLT_aggressive_k5,MSE,66.8582773497249,real_HousingData,real
parkinsons,regression,RF,MSE,0.0015021791936934373,real_parkinsons,real
parkinsons,regression,ET,MSE,0.001451460718625775,real_parkinsons,real
parkinsons,regression,GBR,MSE,0.0003557382259730738,real_parkinsons,real
parkinsons,regression,Lasso,MSE,0.0007667213767391489,real_parkinsons,real
parkinsons,regression,ElasticNet,MSE,0.000725893491138544,real_parkinsons,real
parkinsons,regression,RLT_none_k1,MSE,0.0008373055774067452,real_parkinsons,real
parkinsons,regression,RLT_none_k2,MSE,0.0008220232522306622,real_parkinsons,real
parkinsons,regression,RLT_none_k5,MSE,0.0011521439145808598,real_parkinsons,real
parkinsons,regression,RLT_moderate_k1,MSE,0.0006897919452162492,real_parkinsons,real
parkinsons,regression,RLT_moderate_k2,MSE,0.00063388162165654,real_parkinsons,real
parkinsons,regression,RLT_moderate_k5,MSE,0.001500998047167956,real_parkinsons,real
parkinsons,regression,RLT_aggressive_k1,MSE,0.000967033502613797,real_parkinsons,real
parkinsons,regression,RLT_aggressive_k2,MSE,0.0019390531581364417,real_parkinsons,real
parkinsons,regression,RLT_aggressive_k5,MSE,0.0020431049737984087,real_parkinsons,real
HousingData,regression,RF,MSE,10.563857978421112,real_HousingData,real
HousingData,regression,ET,MSE,11.751797172375777,real_HousingData,real
HousingData,regression,GBR,MSE,8.527886631127187,real_HousingData,real
HousingData,regression,Lasso,MSE,21.88744022869392,real_HousingData,real
HousingData,regression,ElasticNet,MSE,21.8972919248415,real_HousingData,real
HousingData,regression,RLT_none_k1,MSE,14.73310317731822,real_HousingData,real
HousingData,regression,RLT_none_k2,MSE,15.179286827630317,real_HousingData,real
HousingData,regression,RLT_none_k5,MSE,18.89934797625137,real_HousingData,real
HousingData,regression,RLT_moderate_k1,MSE,47.79449883157214,real_HousingData,real
HousingData,regression,RLT_moderate_k2,MSE,63.38767051887409,real_HousingData,real
HousingData,regression,RLT_moderate_k5,MSE,66.8582773497249,real_HousingData,real
HousingData,regression,RLT_aggressive_k1,MSE,47.79449883157214,real_HousingData,real
HousingData,regression,RLT_aggressive_k2,MSE,63.38767051887409,real_HousingData,real
HousingData,regression,RLT_aggressive_k5,MSE,66.8582773497249,real_HousingData,real
parkinsons,regression,RF,MSE,0.0015021791936934371,real_parkinsons,real
parkinsons,regression,ET,MSE,0.0014514607186257742,real_parkinsons,real
parkinsons,regression,GBR,MSE,0.0003557382259730738,real_parkinsons,real
parkinsons,regression,Lasso,MSE,0.0007667213767391489,real_parkinsons,real
parkinsons,regression,ElasticNet,MSE,0.000725893491138544,real_parkinsons,real
parkinsons,regression,RLT_none_k1,MSE,0.0008373055774067452,real_parkinsons,real
parkinsons,regression,RLT_none_k2,MSE,0.0008220232522306622,real_parkinsons,real
parkinsons,regression,RLT_none_k5,MSE,0.0011521439145808598,real_parkinsons,real
parkinsons,regression,RLT_moderate_k1,MSE,0.0006897919452162492,real_parkinsons,real
parkinsons,regression,RLT_moderate_k2,MSE,0.00063388162165654,real_parkinsons,real
parkinsons,regression,RLT_moderate_k5,MSE,0.001500998047167956,real_parkinsons,real
parkinsons,regression,RLT_aggressive_k1,MSE,0.000967033502613797,real_parkinsons,real
parkinsons,regression,RLT_aggressive_k2,MSE,0.0019390531581364417,real_parkinsons,real
parkinsons,regression,RLT_aggressive_k5,MSE,0.0020431049737984087,real_parkinsons,real
HousingData,regression,RF,MSE,10.56385797842111,real_HousingData,real
HousingData,regression,ET,MSE,11.751797172375777,real_HousingData,real
HousingData,regression,GBR,MSE,8.527886631127187,real_HousingData,real
HousingData,regression,Lasso,MSE,21.88744022869392,real_HousingData,real
HousingData,regression,ElasticNet,MSE,21.8972919248415,real_HousingData,real
HousingData,regression,RLT_none_k1,MSE,14.73310317731822,real_HousingData,real
HousingData,regression,RLT_none_k2,MSE,15.179286827630317,real_HousingData,real
HousingData,regression,RLT_none_k5,MSE,18.89934797625137,real_HousingData,real
HousingData,regression,RLT_moderate_k1,MSE,47.79449883157214,real_HousingData,real
HousingData,regression,RLT_moderate_k2,MSE,63.38767051887409,real_HousingData,real
HousingData,regression,RLT_moderate_k5,MSE,66.8582773497249,real_HousingData,real
HousingData,regression,RLT_aggressive_k1,MSE,47.79449883157214,real_HousingData,real
HousingData,regression,RLT_aggressive_k2,MSE,63.38767051887409,real_HousingData,real
HousingData,regression,RLT_aggressive_k5,MSE,66.8582773497249,real_HousingData,real
parkinsons,regression,RF,MSE,0.0015021791936934367,real_parkinsons,real
parkinsons,regression,ET,MSE,0.0014514607186257747,real_parkinsons,real
parkinsons,regression,GBR,MSE,0.0003557382259730738,real_parkinsons,real
parkinsons,regression,Lasso,MSE,0.0007667213767391489,real_parkinsons,real
parkinsons,regression,ElasticNet,MSE,0.000725893491138544,real_parkinsons,real
parkinsons,regression,RLT_none_k1,MSE,0.0008373055774067452,real_parkinsons,real
parkinsons,regression,RLT_none_k2,MSE,0.0008220232522306622,real_parkinsons,real
parkinsons,regression,RLT_none_k5,MSE,0.0011521439145808598,real_parkinsons,real
parkinsons,regression,RLT_moderate_k1,MSE,0.0006897919452162492,real_parkinsons,real
parkinsons,regression,RLT_moderate_k2,MSE,0.00063388162165654,real_parkinsons,real
parkinsons,regression,RLT_moderate_k5,MSE,0.001500998047167956,real_parkinsons,real
parkinsons,regression,RLT_aggressive_k1,MSE,0.000967033502613797,real_parkinsons,real
parkinsons,regression,RLT_aggressive_k2,MSE,0.0019390531581364417,real_parkinsons,real
parkinsons,regression,RLT_aggressive_k5,MSE,0.0020431049737984087,real_parkinsons,real
concrete_data,regression,RF,MSE,32.308798340180424,real_concrete_data,real
concrete_data,regression,ET,MSE,38.69417621274935,real_concrete_data,real
concrete_data,regression,GBR,MSE,29.46533029461348,real_concrete_data,real
concrete_data,regression,Lasso,MSE,109.56078665819044,real_concrete_data,real
concrete_data,regression,ElasticNet,MSE,109.2105740872856,real_concrete_data,real
concrete_data,regression,RLT_none_k1,MSE,46.91496674094753,real_concrete_data,real
concrete_data,regression,RLT_none_k2,MSE,48.93637305528958,real_concrete_data,real
concrete_data,regression,RLT_none_k5,MSE,84.94135792097198,real_concrete_data,real
concrete_data,regression,RLT_moderate_k1,MSE,46.91496674094753,real_concrete_data,real
concrete_data,regression,RLT_moderate_k2,MSE,48.93637305528958,real_concrete_data,real
concrete_data,regression,RLT_moderate_k5,MSE,84.94135792097198,real_concrete_data,real
concrete_data,regression,RLT_aggressive_k1,MSE,46.91496674094753,real_concrete_data,real
concrete_data,regression,RLT_aggressive_k2,MSE,48.93637305528958,real_concrete_data,real
concrete_data,regression,RLT_aggressive_k5,MSE,84.94135792097198,real_concrete_data,real
auto-mpg,regression,RF,MSE,7.096661238000006,real_auto-mpg,real
auto-mpg,regression,ET,MSE,8.263250051777778,real_auto-mpg,real
auto-mpg,regression,GBR,MSE,6.27097528843801,real_auto-mpg,real
auto-mpg,regression,Lasso,MSE,9.278566697825609,real_auto-mpg,real
auto-mpg,regression,ElasticNet,MSE,8.93673861209851,real_auto-mpg,real
auto-mpg,regression,RLT_none_k1,MSE,8.011006235051804,real_auto-mpg,real
auto-mpg,regression,RLT_none_k2,MSE,7.279407434968433,real_auto-mpg,real
auto-mpg,regression,RLT_none_k5,MSE,7.615716183755819,real_auto-mpg,real
auto-mpg,regression,RLT_moderate_k1,MSE,8.048519438405886,real_auto-mpg,real
auto-mpg,regression,RLT_moderate_k2,MSE,5.783837274603936,real_auto-mpg,real
auto-mpg,regression,RLT_moderate_k5,MSE,8.57390815568514,real_auto-mpg,real
auto-mpg,regression,RLT_aggressive_k1,MSE,7.095978076940882,real_auto-mpg,real
auto-mpg,regression,RLT_aggressive_k2,MSE,6.804555594763972,real_auto-mpg,real
auto-mpg,regression,RLT_aggressive_k5,MSE,8.569515144475728,real_auto-mpg,real
scenario2_p200,regression,RF,MSE,6.821978838520855,scenario2,simulated
scenario2_p200,regression,ET,MSE,7.426911602682234,scenario2,simulated
scenario2_p200,regression,GBR,MSE,3.1846176448335513,scenario2,simulated
scenario2_p200,regression,Lasso,MSE,18.209731902813793,scenario2,simulated
scenario2_p200,regression,ElasticNet,MSE,12.390646262073888,scenario2,simulated
scenario2_p200,regression,RLT_none_k1,MSE,5.802421309582308,scenario2,simulated
scenario2_p200,regression,RLT_none_k2,MSE,6.830439138478523,scenario2,simulated
scenario2_p200,regression,RLT_none_k5,MSE,8.498402362292468,scenario2,simulated
scenario2_p200,regression,RLT_moderate_k1,MSE,5.812830752599649,scenario2,simulated
scenario2_p200,regression,RLT_moderate_k2,MSE,5.961722956026722,scenario2,simulated
scenario2_p200,regression,RLT_moderate_k5,MSE,9.9533464314245,scenario2,simulated
scenario2_p200,regression,RLT_aggressive_k1,MSE,4.959439461968571,scenario2,simulated
scenario2_p200,regression,RLT_aggressive_k2,MSE,9.028451931790396,scenario2,simulated
scenario2_p200,regression,RLT_aggressive_k5,MSE,8.046028620263566,scenario2,simulated
scenario2_p500,regression,RF,MSE,12.026889605154507,scenario2,simulated
scenario2_p500,regression,ET,MSE,12.677791153811523,scenario2,simulated
scenario2_p500,regression,GBR,MSE,9.756505767748218,scenario2,simulated
scenario2_p500,regression,Lasso,MSE,21.96725694789354,scenario2,simulated
scenario2_p500,regression,ElasticNet,MSE,17.491745724305044,scenario2,simulated
scenario2_p500,regression,RLT_none_k1,MSE,10.565681590820013,scenario2,simulated
scenario2_p500,regression,RLT_none_k2,MSE,7.312004614404762,scenario2,simulated
scenario2_p500,regression,RLT_none_k5,MSE,17.959531555244585,scenario2,simulated
scenario2_p500,regression,RLT_moderate_k1,MSE,9.312907927380218,scenario2,simulated
scenario2_p500,regression,RLT_moderate_k2,MSE,15.754593613905353,scenario2,simulated
scenario2_p500,regression,RLT_moderate_k5,MSE,15.852063764450214,scenario2,simulated
scenario2_p500,regression,RLT_aggressive_k1,MSE,12.02472890879667,scenario2,simulated
scenario2_p500,regression,RLT_aggressive_k2,MSE,11.688585205102832,scenario2,simulated
scenario2_p500,regression,RLT_aggressive_k5,MSE,14.412712041218974,scenario2,simulated
scenario2_p1000,regression,RF,MSE,13.944569906601313,scenario2,simulated
scenario2_p1000,regression,ET,MSE,15.320852908029453,scenario2,simulated
scenario2_p1000,regression,GBR,MSE,7.363124160192786,scenario2,simulated
scenario2_p1000,regression,Lasso,MSE,13.63874149183933,scenario2,simulated
scenario2_p1000,regression,ElasticNet,MSE,12.648004324361104,scenario2,simulated
scenario2_p1000,regression,RLT_none_k1,MSE,19.91802613882647,scenario2,simulated
scenario2_p1000,regression,RLT_none_k2,MSE,13.745966418232518,scenario2,simulated
scenario2_p1000,regression,RLT_none_k5,MSE,11.094127183415347,scenario2,simulated
scenario2_p1000,regression,RLT_moderate_k1,MSE,13.55545996005443,scenario2,simulated
scenario2_p1000,regression,RLT_moderate_k2,MSE,15.680837293030576,scenario2,simulated
scenario2_p1000,regression,RLT_moderate_k5,MSE,13.01095638945853,scenario2,simulated
scenario2_p1000,regression,RLT_aggressive_k1,MSE,11.322397187208999,scenario2,simulated
scenario2_p1000,regression,RLT_aggressive_k2,MSE,9.899047950089532,scenario2,simulated
scenario2_p1000,regression,RLT_aggressive_k5,MSE,17.01663157033199,scenario2,simulated
scenario3_p200,regression,RF,MSE,7.704072275523788,scenario3,simulated
scenario3_p200,regression,ET,MSE,7.488135016765829,scenario3,simulated
scenario3_p200,regression,GBR,MSE,10.18913151958573,scenario3,simulated
scenario3_p200,regression,Lasso,MSE,25.075376921027544,scenario3,simulated
scenario3_p200,regression,ElasticNet,MSE,24.92923690696606,scenario3,simulated
scenario3_p200,regression,RLT_none_k1,MSE,6.615300556051565,scenario3,simulated
scenario3_p200,regression,RLT_none_k2,MSE,5.8238386907068715,scenario3,simulated
scenario3_p200,regression,RLT_none_k5,MSE,7.7012861452262165,scenario3,simulated
scenario3_p200,regression,RLT_moderate_k1,MSE,8.634812383543263,scenario3,simulated
scenario3_p200,regression,RLT_moderate_k2,MSE,7.417582255846498,scenario3,simulated
scenario3_p200,regression,RLT_moderate_k5,MSE,7.918318430897192,scenario3,simulated
scenario3_p200,regression,RLT_aggressive_k1,MSE,7.410202140884023,scenario3,simulated
scenario3_p200,regression,RLT_aggressive_k2,MSE,8.87088054307413,scenario3,simulated
scenario3_p200,regression,RLT_aggressive_k5,MSE,8.068097875820646,scenario3,simulated
scenario3_p500,regression,RF,MSE,9.323900797349326,scenario3,simulated
scenario3_p500,regression,ET,MSE,9.321715257653661,scenario3,simulated
scenario3_p500,regression,GBR,MSE,9.275195364326834,scenario3,simulated
scenario3_p500,regression,Lasso,MSE,19.881950716774025,scenario3,simulated
scenario3_p500,regression,ElasticNet,MSE,19.683624795005073,scenario3,simulated
scenario3_p500,regression,RLT_none_k1,MSE,10.229905116564431,scenario3,simulated
scenario3_p500,regression,RLT_none_k2,MSE,8.581159644091194,scenario3,simulated
scenario3_p500,regression,RLT_none_k5,MSE,10.145495977200959,scenario3,simulated
scenario3_p500,regression,RLT_moderate_k1,MSE,11.054237547775388,scenario3,simulated
scenario3_p500,regression,RLT_moderate_k2,MSE,11.622819845928193,scenario3,simulated
scenario3_p500,regression,RLT_moderate_k5,MSE,10.249792018406488,scenario3,simulated
scenario3_p500,regression,RLT_aggressive_k1,MSE,11.34809741235916,scenario3,simulated
scenario3_p500,regression,RLT_aggressive_k2,MSE,9.638288824343233,scenario3,simulated
scenario3_p500,regression,RLT_aggressive_k5,MSE,10.996285798259988,scenario3,simulated
scenario3_p1000,regression,RF,MSE,8.793118227784628,scenario3,simulated
scenario3_p1000,regression,ET,MSE,8.754306182274872,scenario3,simulated
scenario3_p1000,regression,GBR,MSE,9.561626940273515,scenario3,simulated
scenario3_p1000,regression,Lasso,MSE,34.28557115041469,scenario3,simulated
scenario3_p1000,regression,ElasticNet,MSE,30.209867049545068,scenario3,simulated
scenario3_p1000,regression,RLT_none_k1,MSE,8.943276862245693,scenario3,simulated
scenario3_p1000,regression,RLT_none_k2,MSE,9.524062546878657,scenario3,simulated
scenario3_p1000,regression,RLT_none_k5,MSE,9.054817047242578,scenario3,simulated
scenario3_p1000,regression,RLT_moderate_k1,MSE,9.52411134000135,scenario3,simulated
scenario3_p1000,regression,RLT_moderate_k2,MSE,10.647317356138874,scenario3,simulated
scenario3_p1000,regression,RLT_moderate_k5,MSE,10.046569817711761,scenario3,simulated
scenario3_p1000,regression,RLT_aggressive_k1,MSE,9.506403733600287,scenario3,simulated
scenario3_p1000,regression,RLT_aggressive_k2,MSE,10.115746190406957,scenario3,simulated
scenario3_p1000,regression,RLT_aggressive_k5,MSE,11.090674423511791,scenario3,simulated
scenario4_p200,regression,RF,MSE,13.524116302416768,scenario4,simulated
scenario4_p200,regression,ET,MSE,14.924451398938277,scenario4,simulated
scenario4_p200,regression,GBR,MSE,5.311314836194826,scenario4,simulated
scenario4_p200,regression,Lasso,MSE,2.108943746722322,scenario4,simulated
scenario4_p200,regression,ElasticNet,MSE,2.5910390354669324,scenario4,simulated
scenario4_p200,regression,RLT_none_k1,MSE,8.06078024777688,scenario4,simulated
scenario4_p200,regression,RLT_none_k2,MSE,8.364314155139015,scenario4,simulated
scenario4_p200,regression,RLT_none_k5,MSE,14.709594020850748,scenario4,simulated
scenario4_p200,regression,RLT_moderate_k1,MSE,14.17478692146625,scenario4,simulated
scenario4_p200,regression,RLT_moderate_k2,MSE,16.250919697334876,scenario4,simulated
scenario4_p200,regression,RLT_moderate_k5,MSE,17.898011834292653,scenario4,simulated
scenario4_p200,regression,RLT_aggressive_k1,MSE,16.05535715103455,scenario4,simulated
scenario4_p200,regression,RLT_aggressive_k2,MSE,16.014895517955512,scenario4,simulated
scenario4_p200,regression,RLT_aggressive_k5,MSE,19.110149896451734,scenario4,simulated
scenario4_p500,regression,RF,MSE,15.40609960807951,scenario4,simulated
scenario4_p500,regression,ET,MSE,16.104668904012797,scenario4,simulated
scenario4_p500,regression,GBR,MSE,4.817540778863504,scenario4,simulated
scenario4_p500,regression,Lasso,MSE,2.082491754482789,scenario4,simulated
scenario4_p500,regression,ElasticNet,MSE,3.3882958688336697,scenario4,simulated
scenario4_p500,regression,RLT_none_k1,MSE,10.529703765172002,scenario4,simulated
scenario4_p500,regression,RLT_none_k2,MSE,11.377802649652033,scenario4,simulated
scenario4_p500,regression,RLT_none_k5,MSE,12.425729014866937,scenario4,simulated
scenario4_p500,regression,RLT_moderate_k1,MSE,13.825347216575027,scenario4,simulated
scenario4_p500,regression,RLT_moderate_k2,MSE,15.427603125786524,scenario4,simulated
scenario4_p500,regression,RLT_moderate_k5,MSE,15.88799706302561,scenario4,simulated
scenario4_p500,regression,RLT_aggressive_k1,MSE,15.777549612481858,scenario4,simulated
scenario4_p500,regression,RLT_aggressive_k2,MSE,15.648376057182748,scenario4,simulated
scenario4_p500,regression,RLT_aggressive_k5,MSE,26.143446228433618,scenario4,simulated
scenario4_p1000,regression,RF,MSE,13.659399043254274,scenario4,simulated
scenario4_p1000,regression,ET,MSE,14.19888824431835,scenario4,simulated
scenario4_p1000,regression,GBR,MSE,3.141573287404967,scenario4,simulated
scenario4_p1000,regression,Lasso,MSE,1.7225745347788812,scenario4,simulated
scenario4_p1000,regression,ElasticNet,MSE,2.156524003562529,scenario4,simulated
scenario4_p1000,regression,RLT_none_k1,MSE,9.0916832803121,scenario4,simulated
scenario4_p1000,regression,RLT_none_k2,MSE,9.08186705349088,scenario4,simulated
scenario4_p1000,regression,RLT_none_k5,MSE,13.605473071028195,scenario4,simulated
scenario4_p1000,regression,RLT_moderate_k1,MSE,11.504879311678659,scenario4,simulated
scenario4_p1000,regression,RLT_moderate_k2,MSE,12.118996781981426,scenario4,simulated
scenario4_p1000,regression,RLT_moderate_k5,MSE,13.700286265263081,scenario4,simulated
scenario4_p1000,regression,RLT_aggressive_k1,MSE,11.698580558137774,scenario4,simulated
scenario4_p1000,regression,RLT_aggressive_k2,MSE,18.459736188346184,scenario4,simulated
scenario4_p1000,regression,RLT_aggressive_k5,MSE,15.702211322451955,scenario4,simulated
HousingData,regression,RF,MSE,10.563857978421114,real_HousingData,real
HousingData,regression,ET,MSE,11.751797172375777,real_HousingData,real
HousingData,regression,GBR,MSE,8.527886631127187,real_HousingData,real
HousingData,regression,Lasso,MSE,21.88744022869392,real_HousingData,real
HousingData,regression,ElasticNet,MSE,21.8972919248415,real_HousingData,real
HousingData,regression,RF,MSE,10.563857978421115,real_HousingData,real
HousingData,regression,ET,MSE,11.751797172375776,real_HousingData,real
HousingData,regression,GBR,MSE,8.527886631127187,real_HousingData,real
HousingData,regression,Lasso,MSE,21.88744022869392,real_HousingData,real
HousingData,regression,ElasticNet,MSE,21.8972919248415,real_HousingData,real
HousingData,regression,RF,MSE,10.563857978421112,real_HousingData,real
HousingData,regression,ET,MSE,11.751797172375777,real_HousingData,real
HousingData,regression,GBR,MSE,8.527886631127187,real_HousingData,real
HousingData,regression,Lasso,MSE,21.88744022869392,real_HousingData,real
HousingData,regression,ElasticNet,MSE,21.8972919248415,real_HousingData,real
